INSERT INTO reader(id, name) VALUES
                                 (0, 'Сергеева Кира Адольфовна'),
                                 (1, 'Орлова Агата Протасьевна'),
                                 (2, 'Новиков Юстиниан Яковлевич'),
                                 (3, 'Иванов Пантелей Геннадиевич'),
                                 (4, 'Бирюков Вячеслав Иванович'),
                                 (5, 'Аксёнова Клавдия Лукьевна'),
                                 (6, 'Бобылёв Леонард Эдуардович'),
                                 (7, 'Лаврентьева Цветана Пётровна'),
                                 (8, 'Зуев Юстин Семенович'),
                                 (9, 'Калинин Арнольд Николаевич'),
                                 (10, 'Калашникова Аюна Фроловна'),
                                 (11, 'Захаров Родион Германович'),
                                 (12, 'Куликов Севастьян Никитевич'),
                                 (13, 'Русакова Фия Юлиановна'),
                                 (14, 'Савина Эдита Игоревна'),
                                 (15, 'Денисова Прасковья Геннадиевна'),
                                 (16, 'Бобылёв Леонард Эдуардович'),
                                 (17, 'Лебедева Санда Кимовна'),
                                 (18, 'Григорьев Гордей Владимирович'),
                                 (19, 'Лебедева Санда Кимовна'),
                                 (20, 'Пономарёв Клемент Рудольфович'),
                                 (21, 'Сидоров Корней Владленович'),
                                 (22, 'Журавлёва Романа Ростиславовна'),
                                 (23, 'Владимирова Эльвира Семеновна'),
                                 (24, 'Лебедева Санда Кимовна'),
                                 (25, 'Жданов Лукьян Никитевич'),
                                 (26, 'Комаров Любомир Геннадьевич'),
                                 (27, 'Белозёров Кирилл Альвианович'),
                                 (28, 'Быков Вилен Макарович'),
                                 (29, 'Рябов Рубен Денисович'),
                                 (30, 'Котов Осип Протасьевич'),
                                 (31, 'Куликов Севастьян Никитевич'),
                                 (32, 'Родионова Янина Олеговна'),
                                 (33, 'Шарова Мартина Гордеевна'),
                                 (34, 'Белозёрова Евдокия Геласьевна'),
                                 (35, 'Елисеева Иоанна Григорьевна'),
                                 (36, 'Новиков Юстиниан Яковлевич'),
                                 (37, 'Русаков Болеслав Лукьянович'),
                                 (38, 'Потапов Геннадий Павлович'),
                                 (39, 'Лаврентьева Цветана Пётровна'),
                                 (40, 'Савина Эдита Игоревна'),
                                 (41, 'Давыдова Властилина Тихоновна'),
                                 (42, 'Силин Вениамин Валентинович'),
                                 (43, 'Селиверстов Соломон Оскарович'),
                                 (44, 'Кудряшова Верона Георгьевна'),
                                 (45, 'Дементьева Андриана Васильевна'),
                                 (46, 'Сергеев Елисей Сергеевич'),
                                 (47, 'Андреев Анатолий Евгеньевич'),
                                 (48, 'Кузнецова Чеслава Макаровна'),
                                 (49, 'Смирнов Клемент Романович'),
                                 (50, 'Сергеев Елисей Сергеевич'),
                                 (51, 'Карпов Арнольд Максимович'),
                                 (52, 'Ковалёва Эстелла Альбертовна'),
                                 (53, 'Сергеева Кира Адольфовна'),
                                 (54, 'Бирюков Вячеслав Иванович'),
                                 (55, 'Ефимов Исаак Улебович'),
                                 (56, 'Белоусов Гаянэ Давидович'),
                                 (57, 'Нестерова Милослава Матвеевна'),
                                 (58, 'Евдокимов Денис Митрофанович'),
                                 (59, 'Лазарева Мария Аристарховна'),
                                 (60, 'Бобылёв Леонард Эдуардович'),
                                 (61, 'Лаврентьев Гаянэ Донатович'),
                                 (62, 'Чернова Эрика Семеновна'),
                                 (63, 'Яковлев Любомир Матвеевич'),
                                 (64, 'Зиновьева Эвелина Петровна'),
                                 (65, 'Пономарёва Аюна Яковлевна'),
                                 (66, 'Тарасов Власий Онисимович'),
                                 (67, 'Иванкова Гера Ярославовна'),
                                 (68, 'Давыдова Властилина Тихоновна'),
                                 (69, 'Карпова Евдокия Созоновна'),
                                 (70, 'Карпова Евдокия Созоновна'),
                                 (71, 'Самойлова Анфиса Тарасовна'),
                                 (72, 'Никонова Хильда Фроловна'),
                                 (73, 'Лаврентьева Розалия Германновна'),
                                 (74, 'Ефимов Исаак Улебович'),
                                 (75, 'Новиков Юстиниан Яковлевич'),
                                 (76, 'Рябов Рубен Денисович'),
                                 (77, 'Кудряшов Гавриил Альбертович'),
                                 (78, 'Голубев Мечеслав Платонович'),
                                 (79, 'Лаврентьев Гаянэ Донатович'),
                                 (80, 'Герасимов Дмитрий Михаилович'),
                                 (81, 'Быков Вилен Макарович'),
                                 (82, 'Силин Вениамин Валентинович'),
                                 (83, 'Авдеева Галина Сергеевна'),
                                 (84, 'Хохлова Аида Лукьевна'),
                                 (85, 'Родионова Янина Олеговна'),
                                 (86, 'Овчинникова Людмила Владимировна'),
                                 (87, 'Виноградов Климент Валерьевич'),
                                 (88, 'Журавлёва Романа Ростиславовна'),
                                 (89, 'Комиссаров Остап Ростиславович'),
                                 (90, 'Кузнецова Чеслава Макаровна'),
                                 (91, 'Шилов Игорь Фролович'),
                                 (92, 'Лаврентьева Розалия Германновна'),
                                 (93, 'Кошелев Флор Андреевич'),
                                 (94, 'Михеева Сандра Донатовна'),
                                 (95, 'Емельянова Нинна Георгиевна'),
                                 (96, 'Калинин Феликс Эльдарович'),
                                 (97, 'Иванкова Гера Ярославовна'),
                                 (98, 'Лаврентьев Гаянэ Донатович'),
                                 (99, 'Одинцова Оксана Никитевна');
INSERT INTO author(id, name) VALUES
                                 (0, 'Лобанова Мишель Улебовна'),
                                 (1, 'Комаров Ким Авксентьевич'),
                                 (2, 'Лихачёва Августа Игоревна'),
                                 (3, 'Савина Эдита Игоревна'),
                                 (4, 'Андреева Нелли Альвиановна'),
                                 (5, 'Самойлова Анфиса Тарасовна'),
                                 (6, 'Пономарёв Клемент Рудольфович'),
                                 (7, 'Нестерова Милослава Матвеевна'),
                                 (8, 'Антонова Амелия Протасьевна'),
                                 (9, 'Бобылёв Леонард Эдуардович');
INSERT INTO publisher(id, name) VALUES
                                    (0, 'Владос'),
                                    (1, 'АСТ'),
                                    (2, 'URSS.ru'),
                                    (3, 'ГРАНД-ФАИР'),
                                    (4, 'Интеллект'),
                                    (5, 'ИНФРА-М'),
                                    (6, 'ОНИКС'),
                                    (7, 'Питер'),
                                    (8, 'КноРус'),
                                    (9, 'Академия'),
                                    (10, 'Айрис-пресс'),
                                    (11, 'АкадемическийПроект'),
                                    (12, 'ВесьМир'),
                                    (13, 'Вече'),
                                    (14, 'Высшаяшкола'),
                                    (15, 'Дрофа'),
                                    (16, 'КолосС'),
                                    (17, 'Лань'),
                                    (18, 'Омега-Л'),
                                    (19, 'Просвещение'),
                                    (20, 'Проспект'),
                                    (21, 'Профессия'),
                                    (22, 'Флинта'),
                                    (23, 'Эксмо'),
                                    (24, 'Академкнига'),
                                    (25, 'Вузовскаякнига');
INSERT INTO book(id, title, isbn, total, available, author_id, publisher_id) VALUES
                                                                                 (0, 'Путь к счастью', '9785022373974', 16, 16, 8, 4),
                                                                                 (1, 'Дракон может всë', '9783166919737', 18, 18, 1, 19),
                                                                                 (2, 'Убежать от реальности', '9786736035929', 6, 6, 0, 11),
                                                                                 (3, 'Кромка льда', '9780738145396', 13, 13, 1, 6),
                                                                                 (4, 'Стеклянный флаг', '97818128935310', 6, 6, 9, 21),
                                                                                 (5, 'Осколки моей судьбы', '9786617013237', 11, 11, 3, 16),
                                                                                 (6, 'Ночь пламени', '9780776222127', 8, 8, 5, 3),
                                                                                 (7, 'Выбор за тобой', '97893484505010', 5, 5, 2, 6),
                                                                                 (8, 'Неоновое поколение', '9781317719489', 19, 19, 4, 6),
                                                                                 (9, 'Проклятая душа', '9782422460143', 11, 11, 7, 4),
                                                                                 (10, 'Между нами война', '9788768133611', 13, 13, 3, 24),
                                                                                 (11, 'Наш маленький мир', '9788026460381', 12, 12, 5, 13),
                                                                                 (12, 'Главные по гитарам', '9781763492547', 4, 4, 7, 9),
                                                                                 (13, 'Свет в океане', '9788956727301', 17, 17, 6, 18),
                                                                                 (14, 'Лабиринт крови', '9787561009741', 11, 11, 4, 0),
                                                                                 (15, 'Каноны механики', '9787361660142', 7, 7, 5, 22),
                                                                                 (16, 'Ядовитый питомец', '9782882603005', 3, 3, 7, 7),
                                                                                 (17, 'Накопитель историй', '9785346991618', 10, 10, 7, 7),
                                                                                 (18, 'Запах леса', '97864011559910', 10, 10, 2, 10),
                                                                                 (19, 'Когда погаснут все огни', '9785028548826', 20, 20, 0, 9),
                                                                                 (20, 'Мы против', '9781313836807', 6, 6, 1, 9),
                                                                                 (21, 'Осколки времени', '9786745115421', 8, 8, 9, 2),
                                                                                 (22, 'Удачное решение', '9787573810717', 16, 16, 6, 3),
                                                                                 (23, 'Тёмное подземелье демонов', '9784636617689', 2, 2, 2, 7),
                                                                                 (24, 'Последний шанс', '9786773598586', 14, 14, 6, 0),
                                                                                 (25, 'Кровь дракона', '9784821977406', 20, 20, 0, 19),
                                                                                 (26, 'Мастер веры в себя', '9781995024264', 7, 7, 1, 18),
                                                                                 (27, 'По ту сторону', '9785229184854', 4, 4, 1, 5),
                                                                                 (28, 'Киборг', '9783934660861', 3, 3, 0, 1),
                                                                                 (29, 'Рынок чувств', '9785073241383', 11, 11, 5, 4),
                                                                                 (30, 'Лжец', '9789836425027', 9, 9, 0, 3),
                                                                                 (31, 'Звёзды только ночью', '97869900607510', 16, 16, 6, 0),
                                                                                 (32, 'Звенящая пошлость', '9788354843238', 4, 4, 8, 15),
                                                                                 (33, 'Жёлтые одуванчики', '9789166987141', 7, 7, 2, 3),
                                                                                 (34, 'Пароль от твоего сердца', '97852731728910', 2, 2, 1, 8),
                                                                                 (35, 'Край мечтаний', '9786433554167', 8, 8, 5, 19),
                                                                                 (36, 'Туман нашей памяти', '9787585915035', 16, 16, 9, 20),
                                                                                 (37, 'Храмы природы', '9789126003041', 16, 16, 5, 1),
                                                                                 (38, 'Искусство империи', '9782991218916', 12, 12, 7, 22),
                                                                                 (39, 'Ни слова о другом мире', '9785067279194', 8, 8, 2, 23),
                                                                                 (40, 'Тёмный лес', '9785524566027', 12, 12, 9, 14),
                                                                                 (41, 'Разукрась мои воспоминания', '9789537390464', 1, 1, 3, 22),
                                                                                 (42, 'Дотронуться до неба', '9786131418259', 8, 8, 2, 8),
                                                                                 (43, 'Тёмные грёзы', '9781890504137', 5, 5, 1, 19),
                                                                                 (44, 'Эта вечная война', '9786666406509', 9, 9, 0, 20),
                                                                                 (45, 'Случайная встреча', '9787118209297', 15, 15, 9, 22),
                                                                                 (46, 'Перекрёсток судеб', '9785938803695', 17, 17, 2, 10),
                                                                                 (47, 'Тайна клана лжецов', '9782262799113', 3, 3, 1, 19),
                                                                                 (48, 'Власть огня', '9789331101402', 18, 18, 9, 25),
                                                                                 (49, 'Стань мной', '9784721771401', 1, 1, 4, 14),
                                                                                 (50, 'Дотянуться до тебя', '9784655212636', 5, 5, 8, 0),
                                                                                 (51, 'Душа призрака', '9781780030296', 4, 4, 3, 23),
                                                                                 (52, 'Завтра начнётся Апокалипсис', '9780298454938', 8, 8, 0, 16),
                                                                                 (53, 'Когда настанет тьма', '9788641727067', 9, 9, 6, 16),
                                                                                 (54, 'Тень ангела', '9784062446822', 10, 10, 8, 17),
                                                                                 (55, 'Время Страха', '9789694950341', 19, 19, 5, 10),
                                                                                 (56, 'Родственная душа', '9789769731592', 11, 11, 7, 25),
                                                                                 (57, 'От пяти до десяти', '9786252246939', 16, 16, 1, 22),
                                                                                 (58, 'Лес чудес', '9780016354458', 6, 6, 6, 0),
                                                                                 (59, 'Свержение королевы морей', '9789225433404', 7, 7, 2, 24),
                                                                                 (60, 'Алые глаза', '97840516488010', 11, 11, 9, 6),
                                                                                 (61, 'Жестокая реальность', '97889180665310', 14, 14, 2, 4),
                                                                                 (62, 'Монстр из снов младенцев', '9788381864466', 1, 1, 5, 18),
                                                                                 (63, 'Начало конца', '9781806012374', 18, 18, 1, 15),
                                                                                 (64, 'Ромашковый чай', '9788554249274', 4, 4, 3, 19),
                                                                                 (65, 'Лесной Сан-Фиеро', '9787014963323', 6, 6, 7, 20),
                                                                                 (66, 'Моя вечная зима', '97809064165710', 1, 1, 4, 13),
                                                                                 (67, 'Идеальный дневник', '9784176233677', 14, 14, 8, 18),
                                                                                 (68, 'Потерянный разум', '9783761327692', 4, 4, 5, 23),
                                                                                 (69, 'Портрет дракона', '9781616640965', 6, 6, 1, 1),
                                                                                 (70, 'Цена иной реальности', '9781214539807', 10, 10, 9, 3),
                                                                                 (71, 'Герой, забывший что он герой', '9788600100627', 10, 10, 6, 19),
                                                                                 (72, 'Тайный мир', '9781548102586', 2, 2, 3, 25),
                                                                                 (73, 'Летние каникулы', '9784122482791', 7, 7, 9, 14),
                                                                                 (74, 'Фамильяр и Стэн', '9788123877419', 19, 19, 8, 14),
                                                                                 (75, 'Лодка на двоих', '9780053849207', 13, 13, 9, 1),
                                                                                 (76, 'Робот без имени', '9784739716883', 9, 9, 5, 2),
                                                                                 (77, 'Тот кто стоит за плечом', '97803454410110', 2, 2, 8, 0),
                                                                                 (78, 'Ветер Одиссеи', '9782416213298', 20, 20, 5, 4),
                                                                                 (79, 'Молчание леса', '9787571150112', 7, 7, 0, 11),
                                                                                 (80, 'За гранью зеркала', '9786217437242', 6, 6, 2, 18),
                                                                                 (81, 'Мёртвая почва', '9787943535929', 7, 7, 6, 14),
                                                                                 (82, 'Попутный ветер', '97858180575910', 1, 1, 5, 9),
                                                                                 (83, 'Академия нечистых адептов', '9786605851643', 20, 20, 8, 6),
                                                                                 (84, 'Самая длинная ночь в году', '9780370809984', 4, 4, 9, 1),
                                                                                 (85, 'Лазурные небеса', '9787887767394', 11, 11, 5, 25),
                                                                                 (86, 'Встретим смерть вслепую', '9784950113874', 17, 17, 5, 23),
                                                                                 (87, 'Забытые мечты', '9781839850202', 4, 4, 7, 9),
                                                                                 (88, 'Властелин утопии', '9783147733642', 20, 20, 2, 0),
                                                                                 (89, 'Голодный крик', '9783176966738', 2, 2, 5, 14),
                                                                                 (90, 'Пир для голодных', '9783562427591', 3, 3, 7, 4),
                                                                                 (91, 'Мальчик за стенкой', '9789104543682', 7, 7, 4, 2),
                                                                                 (92, 'Взгляд сокола', '9781238105347', 18, 18, 9, 16),
                                                                                 (93, 'Нити любви', '9781866843307', 2, 2, 6, 20),
                                                                                 (94, 'Не одни', '9783403602828', 17, 17, 0, 9),
                                                                                 (95, 'Не верь людям', '9785214592299', 2, 2, 0, 8),
                                                                                 (96, 'И сделать шаг', '9786232732933', 12, 12, 6, 25),
                                                                                 (97, 'Космический сон', '9788068267191', 15, 15, 2, 12),
                                                                                 (98, 'Мысли дракона', '9785324733391', 17, 17, 1, 13),
                                                                                 (99, 'Сообщество переводчиков', '9789109682089', 2, 2, 8, 4),
                                                                                 (100, 'Тайные помыслы', '97879918784510', 14, 14, 4, 14),
                                                                                 (101, 'Легендарные люди южных регионов', '9783529423345', 7, 7, 4, 24),
                                                                                 (102, 'Море жизни', '9786179338342', 19, 19, 7, 13),
                                                                                 (103, 'Параллельный мир', '9787617149087', 7, 7, 4, 19),
                                                                                 (104, 'Персиковый сад', '9780370317397', 7, 7, 2, 24),
                                                                                 (105, 'Новые берега', '9783292249012', 14, 14, 6, 3),
                                                                                 (106, 'Жажда к свободе', '9787201672458', 16, 16, 2, 12),
                                                                                 (107, 'Комната снов', '9787498124661', 12, 12, 3, 17),
                                                                                 (108, 'На перекрестке миров', '9784621275788', 13, 13, 7, 16),
                                                                                 (109, 'Между сказкой и страхом', '9784182752209', 18, 18, 4, 6),
                                                                                 (110, 'Мертвое море', '9786170172204', 6, 6, 1, 9),
                                                                                 (111, 'Безымянный', '9784696202771', 14, 14, 9, 6),
                                                                                 (112, 'С тобой или без тебя', '97873075277210', 20, 20, 9, 1),
                                                                                 (113, 'После заката', '9782331298455', 6, 6, 4, 7),
                                                                                 (114, 'Откровения Антиклеомаха', '9781630945794', 17, 17, 7, 8),
                                                                                 (115, 'Набережная', '9785804026784', 3, 3, 9, 6),
                                                                                 (116, 'Картины забытой вечности', '9787945285495', 12, 12, 0, 18),
                                                                                 (117, 'Шелест страниц', '9784190375469', 15, 15, 3, 24),
                                                                                 (118, 'Небо любви', '9781398310285', 12, 12, 9, 4),
                                                                                 (119, 'Дорога из лунного камня', '9789583295249', 16, 16, 4, 6),
                                                                                 (120, 'Загадочные события', '9788086242149', 2, 2, 1, 19),
                                                                                 (121, 'Последний закат', '97870638712810', 18, 18, 3, 22),
                                                                                 (122, 'Воскресший закат', '9781956471892', 6, 6, 0, 8),
                                                                                 (123, 'Мороз по коже', '9783923419364', 15, 15, 3, 0),
                                                                                 (124, 'Черная роза', '9784876559893', 8, 8, 0, 5),
                                                                                 (125, 'Алые цветы смерти', '97891556459610', 20, 20, 3, 2),
                                                                                 (126, 'Шрамы на твоём плече', '9782554473646', 10, 10, 1, 17),
                                                                                 (127, 'Время войны', '9783191252755', 2, 2, 6, 23),
                                                                                 (128, 'О чём мечтают боги', '97886676342410', 14, 14, 6, 1),
                                                                                 (129, 'Обитель желаний', '9789977573342', 13, 13, 3, 22),
                                                                                 (130, 'Крайний – не последний', '9784476415681', 4, 4, 1, 22),
                                                                                 (131, 'Чужой город', '9787279635263', 5, 5, 2, 11),
                                                                                 (132, 'Красные фонари', '9780838696873', 1, 1, 4, 5),
                                                                                 (133, 'Звездный шаг', '9785078381022', 13, 13, 6, 22),
                                                                                 (134, 'Пролитый чай', '97896031217710', 11, 11, 4, 17),
                                                                                 (135, 'Здесь и сейчас', '9787045946975', 2, 2, 7, 14),
                                                                                 (136, 'Забыть всё', '9788723632548', 20, 20, 7, 8),
                                                                                 (137, 'Игра богов', '9780756796419', 1, 1, 6, 8),
                                                                                 (138, 'Страницы моей реальности', '9788119526574', 14, 14, 1, 4),
                                                                                 (139, 'Предел мечты', '9780971731288', 16, 16, 0, 4),
                                                                                 (140, 'В твоих глазах я видел солнце', '9781913274559', 17, 17, 0, 24),
                                                                                 (141, 'Я и мои мечты', '9788954236546', 9, 9, 3, 10),
                                                                                 (142, 'Золотая Тьма', '9785729918256', 18, 18, 8, 0),
                                                                                 (143, 'Любимая с привкусом солёной карамели', '9784225134252', 5, 5, 4, 11),
                                                                                 (144, 'Мысль во тьме', '9786767315786', 20, 20, 6, 23),
                                                                                 (145, 'Сила крови', '97807239870010', 11, 11, 7, 15),
                                                                                 (146, 'Возврата нет', '9782071206031', 2, 2, 5, 25),
                                                                                 (147, 'Сломанная комната', '9785801293592', 14, 14, 9, 21),
                                                                                 (148, 'Цунами', '9781330172544', 4, 4, 0, 22),
                                                                                 (149, 'Заброшенный дом', '9784775843208', 17, 17, 9, 4),
                                                                                 (150, 'Космический парк', '9787980201481', 6, 6, 3, 25),
                                                                                 (151, 'Мальчик из лесной чащи', '9787061757012', 5, 5, 9, 22),
                                                                                 (152, 'Плохой мальчик и хорошая девочка', '9786807865462', 16, 16, 7, 7),
                                                                                 (153, 'Перчатки ярости', '9787686424771', 17, 17, 1, 17),
                                                                                 (154, 'Дорога в жизнь', '9781674404059', 1, 1, 3, 21),
                                                                                 (155, 'Лунный свет', '9781046185487', 16, 16, 7, 23),
                                                                                 (156, 'Герой туманной долины', '9787184003799', 3, 3, 0, 3),
                                                                                 (157, 'Магия вне закона', '9788947000505', 18, 18, 0, 2),
                                                                                 (158, 'Интернет-друг', '9781652348238', 17, 17, 3, 15),
                                                                                 (159, 'Мост жизни', '9787883669357', 20, 20, 2, 7),
                                                                                 (160, 'Эра сердец', '9786813071567', 2, 2, 8, 3),
                                                                                 (161, 'Ход нейтральный', '97801481326110', 10, 10, 6, 2),
                                                                                 (162, '2315 век', '9780920278352', 18, 18, 1, 2),
                                                                                 (163, 'Сломанная кукла', '9785533725323', 1, 1, 1, 6),
                                                                                 (164, 'Вошедшие в историю ученые острова Тритон', '9780872808614', 7, 7, 2, 17),
                                                                                 (165, 'Тени забытого городка', '9788241085239', 18, 18, 1, 18),
                                                                                 (166, 'Морской бой', '9780295872582', 19, 19, 5, 13),
                                                                                 (167, 'Мечтатели', '9785574856512', 20, 20, 6, 20),
                                                                                 (168, 'Энергия роста', '9784299552686', 17, 17, 6, 18),
                                                                                 (169, 'Одолжи мне счастье', '97896329761510', 5, 5, 8, 17),
                                                                                 (170, 'Дом вечных фантазий', '9785597214436', 19, 19, 3, 10),
                                                                                 (171, 'Мои мысли', '9786690502383', 12, 12, 1, 22),
                                                                                 (172, 'Парень с нашего кладбища', '9785513300717', 6, 6, 7, 8),
                                                                                 (173, 'Параллельные миры', '9781337932769', 17, 17, 7, 24),
                                                                                 (174, 'Сломанные часы', '9784665129306', 8, 8, 0, 10),
                                                                                 (175, 'Фото с чердака', '9781657679146', 19, 19, 2, 3),
                                                                                 (176, 'Чёрное небо', '9781860991622', 10, 10, 4, 16),
                                                                                 (177, 'Россия которую мы потеряли', '9785557811965', 10, 10, 6, 3),
                                                                                 (178, 'Одна на двоих', '9788533675513', 7, 7, 3, 20),
                                                                                 (179, 'Песочный человек', '9782444984665', 6, 6, 4, 0),
                                                                                 (180, 'Зеленые алмазы', '9786351845651', 4, 4, 1, 10),
                                                                                 (181, 'Тайное общество', '97853242432110', 3, 3, 8, 12),
                                                                                 (182, 'Ветер с моря', '9784237066718', 17, 17, 1, 16),
                                                                                 (183, 'Бей беги', '9782930266596', 16, 16, 6, 23),
                                                                                 (184, 'Зачарованные мысли', '9787475591882', 20, 20, 2, 8),
                                                                                 (185, 'Незабываемый вечер', '9782022910918', 3, 3, 5, 14),
                                                                                 (186, 'Огненное озеро', '9780142275078', 11, 11, 7, 6),
                                                                                 (187, 'Солнечный город', '97806716844410', 13, 13, 4, 5),
                                                                                 (188, 'Северные ветра', '9788068983848', 12, 12, 3, 12),
                                                                                 (189, 'Тайные руны', '9784356130239', 2, 2, 8, 9),
                                                                                 (190, 'Мистические сказки восточных народов', '9787427935412', 4, 4, 1, 2),
                                                                                 (191, 'Медное наследие', '97894766663310', 2, 2, 4, 18),
                                                                                 (192, 'Держи меня \r\n', '9787723931835', 7, 7, 4, 6),
                                                                                 (193, 'Вернись ко мне', '9785683468903', 5, 5, 7, 23),
                                                                                 (194, 'Мост', '9788518471536', 18, 18, 0, 11),
                                                                                 (195, 'Поющая мышь', '9784349878483', 8, 8, 1, 15),
                                                                                 (196, 'Маленькая фантазия', '9782717687651', 18, 18, 4, 10),
                                                                                 (197, 'Дорога в никуда', '9784007010231', 15, 15, 7, 18),
                                                                                 (198, 'Судьба мира', '9783417960563', 19, 19, 4, 8),
                                                                                 (199, 'Глубокий вздох', '9786138448181', 15, 15, 4, 11),
                                                                                 (200, 'Бесконечность возможностей', '9783219562385', 18, 18, 5, 9),
                                                                                 (201, 'Спасти мир за девять жизней', '97825202500810', 20, 20, 3, 6),
                                                                                 (202, 'Перевернутая Судьба', '9782173565111', 14, 14, 7, 11),
                                                                                 (203, 'Найди смысл', '9787040910216', 17, 17, 3, 23),
                                                                                 (204, 'Порождение бездны', '9788257178895', 9, 9, 0, 16),
                                                                                 (205, 'Исправить всё', '9784377806137', 20, 20, 5, 1),
                                                                                 (206, 'Взгляд в пустоту', '9786237075646', 13, 13, 6, 22),
                                                                                 (207, 'Город иных', '9784749772558', 16, 16, 5, 19),
                                                                                 (208, 'Дети тьмы', '9780527645687', 15, 15, 4, 9),
                                                                                 (209, 'Ассимиляция', '9789664078471', 4, 4, 2, 5),
                                                                                 (210, 'Любимая соседка', '9786498227792', 13, 13, 6, 12),
                                                                                 (211, 'Последний вагон', '97879690516710', 20, 20, 1, 13),
                                                                                 (212, 'Золотая пуля', '9788126368402', 12, 12, 7, 13),
                                                                                 (213, 'Вечное счастье', '97812210282410', 2, 2, 5, 4),
                                                                                 (214, 'Одиссея Тюленя', '97852468161110', 9, 9, 1, 25),
                                                                                 (215, 'Пламя ночи', '9786453675347', 2, 2, 9, 3),
                                                                                 (216, 'Проклятие дара', '9783436497927', 7, 7, 9, 10),
                                                                                 (217, 'Во сне и наяву', '9782917043059', 1, 1, 5, 12),
                                                                                 (218, 'Драконье подвиги', '9786275363026', 13, 13, 2, 8),
                                                                                 (219, 'Неизвестный наследник', '9783462946062', 8, 8, 8, 25),
                                                                                 (220, 'Мы невозможны...', '9788435523417', 18, 18, 4, 0),
                                                                                 (221, 'Тернистый путь', '9788307710099', 13, 13, 3, 0),
                                                                                 (222, 'Тень по ту сторону', '9785773845034', 7, 7, 2, 9),
                                                                                 (223, 'Хрустальный цветок', '9784919897562', 10, 10, 8, 3),
                                                                                 (224, 'Приключения воробья', '9786558281634', 16, 16, 4, 13),
                                                                                 (225, 'Угольный бог', '9786328496374', 15, 15, 0, 13),
                                                                                 (226, 'Грустные улицы', '9789476351809', 14, 14, 2, 3),
                                                                                 (227, 'Алый закат', '9789809709758', 10, 10, 6, 13),
                                                                                 (228, 'Любовь с привкусом Смерти', '97869871602110', 7, 7, 5, 2),
                                                                                 (229, 'Маг еды', '9788808794017', 7, 7, 3, 24),
                                                                                 (230, 'Генератор мыслей', '9783327777312', 14, 14, 7, 20),
                                                                                 (231, 'Города жизни', '9789978612965', 11, 11, 8, 7),
                                                                                 (232, 'Думай медленно… Решай быстро', '9781093631784', 13, 13, 1, 1),
                                                                                 (233, 'Новогоднее чудо', '9783731973126', 20, 20, 7, 5),
                                                                                 (234, 'Дом на третьей улице', '97826469510910', 15, 15, 2, 5),
                                                                                 (235, 'Визаж', '9782074585805', 12, 12, 8, 25),
                                                                                 (236, 'Добраться до правды', '9787773296434', 12, 12, 3, 1),
                                                                                 (237, 'Прощальное письмо', '9787209179379', 2, 2, 5, 7),
                                                                                 (238, 'Взгляд из Пустоты', '9787620660272', 11, 11, 2, 3),
                                                                                 (239, 'Тихая мечта', '9781870441889', 15, 15, 2, 17),
                                                                                 (240, 'Забытые слова', '9782454890499', 14, 14, 7, 19),
                                                                                 (241, 'Забытые чердаки', '9782082708623', 2, 2, 2, 16),
                                                                                 (242, 'Хорошие дети плачут молча', '9788635300528', 12, 12, 0, 16),
                                                                                 (243, 'Перегоревшие чувства', '9783542406066', 12, 12, 0, 23),
                                                                                 (244, 'Одинокий путь', '97817062544310', 11, 11, 5, 16),
                                                                                 (245, 'Твои несбыточные мечты', '9784619570024', 14, 14, 3, 12),
                                                                                 (246, 'Цветы жизни', '9781616618216', 6, 6, 0, 14),
                                                                                 (247, 'Твои бездонные глаза', '9788656319608', 15, 15, 2, 4),
                                                                                 (248, 'Лучик надежды', '9783843753739', 18, 18, 6, 19),
                                                                                 (249, 'Проклятие ангела', '9782831340081', 15, 15, 7, 10),
                                                                                 (250, 'Сквозь ладони', '9781401144531', 7, 7, 0, 16),
                                                                                 (251, 'Голос тьмы', '9783678008455', 5, 5, 5, 15),
                                                                                 (252, 'Во мгле вечной ночи', '9786941383716', 18, 18, 1, 12),
                                                                                 (253, 'Один лишь миг', '9780017275813', 15, 15, 0, 9),
                                                                                 (254, 'Лезвие на воде', '9783682258181', 11, 11, 2, 11),
                                                                                 (255, 'Красная миля', '9787778227501', 15, 15, 8, 18),
                                                                                 (256, 'Чертёнок хочет поиграть', '9784361682532', 5, 5, 6, 11),
                                                                                 (257, 'Ангелы не спят', '9782802985709', 14, 14, 3, 23),
                                                                                 (258, 'Пульсация', '9780410045693', 7, 7, 3, 4),
                                                                                 (259, 'Русская канарейка', '9783124852052', 17, 17, 5, 13),
                                                                                 (260, 'Молчание', '9788673393513', 4, 4, 4, 13),
                                                                                 (261, 'Чёрная полоса', '9780169902193', 19, 19, 1, 2),
                                                                                 (262, 'Забытая история', '9789695975442', 16, 16, 3, 17),
                                                                                 (263, 'Сохранить себя', '97897089440910', 4, 4, 8, 23),
                                                                                 (264, 'Игра в драконьих когтях', '9783271735345', 2, 2, 6, 0),
                                                                                 (265, 'Далёкий путь', '9784107215123', 8, 8, 7, 1),
                                                                                 (266, 'Вторая жизнь', '9782547742803', 9, 9, 1, 16),
                                                                                 (267, 'Другой мир', '9785919261032', 8, 8, 2, 2),
                                                                                 (268, 'Неужели снова он?', '9780349135779', 4, 4, 0, 10),
                                                                                 (269, 'Необычные каникулы', '9785638378387', 3, 3, 4, 0),
                                                                                 (270, 'Осколок океана', '9780755439973', 16, 16, 8, 8),
                                                                                 (271, 'Дом на берегу озера', '9780724728336', 18, 18, 6, 6),
                                                                                 (272, 'Полёт на хвосте дракона', '9783028078107', 20, 20, 4, 4),
                                                                                 (273, 'Год с чудачкой', '9788201508853', 6, 6, 2, 20),
                                                                                 (274, 'Заброшенный лес', '9782790283078', 14, 14, 3, 22),
                                                                                 (275, 'Мастер фантазий', '9780572870263', 4, 4, 7, 20),
                                                                                 (276, 'Нити кукловода', '97802326665410', 6, 6, 1, 13),
                                                                                 (277, 'Иной мир', '9782930076775', 13, 13, 1, 17),
                                                                                 (278, 'Магическая собака', '9787533962968', 15, 15, 7, 25),
                                                                                 (279, 'Крик в пустоту', '9787585646137', 1, 1, 7, 10),
                                                                                 (280, 'Маленький дьявол', '9788935779086', 3, 3, 9, 24),
                                                                                 (281, 'Как не сойти с ума', '9780461070958', 14, 14, 3, 14),
                                                                                 (282, 'Чистейшая душа', '9780510886264', 3, 3, 5, 19),
                                                                                 (283, 'Алая роза', '9784412002357', 17, 17, 5, 7),
                                                                                 (284, 'Лето в кружке', '9780320273643', 1, 1, 4, 5),
                                                                                 (285, 'Сладкая вишня', '9787732721366', 9, 9, 6, 10),
                                                                                 (286, 'Между двух миров', '9789626738085', 12, 12, 3, 2),
                                                                                 (287, 'Огни ночного города', '9782911890369', 17, 17, 4, 16),
                                                                                 (288, 'Красное дерево', '9785971331858', 9, 9, 3, 19),
                                                                                 (289, 'Любовь и демоны', '9784598398312', 15, 15, 0, 14),
                                                                                 (290, 'Этот мир не для нас', '97809750861010', 4, 4, 6, 12),
                                                                                 (291, 'Ледяная башня', '9781873083932', 7, 7, 0, 8),
                                                                                 (292, 'Мир лжецов', '9785878576765', 6, 6, 6, 10),
                                                                                 (293, 'Жизнь как красная книга', '9785788564562', 10, 10, 2, 20),
                                                                                 (294, 'Неожиданность выбора', '9782084911618', 5, 5, 0, 24),
                                                                                 (295, 'Человек без цели', '9785325007132', 1, 1, 4, 9),
                                                                                 (296, 'Погоня за клинком', '9786211211336', 17, 17, 4, 10),
                                                                                 (297, 'Я научился ходить по воде', '9784546671023', 4, 4, 9, 24),
                                                                                 (298, 'Громкая ложь', '97827667561010', 1, 1, 1, 20),
                                                                                 (299, 'Химия любви', '9788099109026', 20, 20, 8, 20),
                                                                                 (300, 'Мальчик с другой планеты', '9787479373699', 5, 5, 0, 14),
                                                                                 (301, 'Новый горизонт', '9788761724489', 15, 15, 2, 7),
                                                                                 (302, 'Холод', '9786746303841', 10, 10, 8, 13),
                                                                                 (303, 'Забытые святыни культов силы', '9787096650418', 9, 9, 6, 10),
                                                                                 (304, 'Лови момент', '9785233929977', 11, 11, 3, 16),
                                                                                 (305, 'Гора надежд', '9780550364746', 12, 12, 6, 7),
                                                                                 (306, 'Взрыв сверхновой', '97863902154610', 18, 18, 2, 3),
                                                                                 (307, 'Знаменитые воины современности', '9785116096277', 9, 9, 7, 3),
                                                                                 (308, 'Сеть рыбака', '9785996097821', 17, 17, 7, 14),
                                                                                 (309, 'Пустые глаза', '9785215868232', 3, 3, 2, 4),
                                                                                 (310, 'Войнушка в коридоре', '9782390184775', 2, 2, 9, 11),
                                                                                 (311, 'Миру мир', '97863345944610', 18, 18, 1, 16),
                                                                                 (312, 'Одинокий мечник', '9787293545838', 20, 20, 7, 5),
                                                                                 (313, 'Тихий люд', '9788598695853', 9, 9, 1, 0),
                                                                                 (314, 'Киберпомутнение', '9781296409975', 14, 14, 1, 21),
                                                                                 (315, 'Тайное сообщество', '9784301934387', 16, 16, 1, 14),
                                                                                 (316, 'Игра королей', '9788601501119', 15, 15, 0, 17),
                                                                                 (317, 'Игры богов', '9784888802277', 9, 9, 6, 19),
                                                                                 (318, 'Любовь не вечна', '9787051515189', 12, 12, 6, 2),
                                                                                 (319, 'Клятва смерти', '9784377018028', 11, 11, 4, 9),
                                                                                 (320, 'Ржавый лёд', '9781276938617', 12, 12, 0, 18),
                                                                                 (321, 'Маски сброшены', '9782909866673', 8, 8, 5, 14),
                                                                                 (322, 'Миры безумия', '9789070616021', 16, 16, 4, 22),
                                                                                 (323, 'Мертвые кости', '9780624299233', 11, 11, 0, 19),
                                                                                 (324, 'Палач времени', '9781717320728', 4, 4, 1, 16),
                                                                                 (325, 'Увидь меня в глубине леса', '9788136851819', 8, 8, 9, 5),
                                                                                 (326, 'Скрытый мир', '97886674880110', 2, 2, 0, 2),
                                                                                 (327, 'Верь мне', '9781719386463', 10, 10, 9, 3),
                                                                                 (328, 'Взгляд с другой стороны', '97886437428610', 9, 9, 3, 24),
                                                                                 (329, 'Снежный пепел', '9787044354535', 9, 9, 1, 18),
                                                                                 (330, 'Королева тайн', '9782790983947', 3, 3, 3, 2),
                                                                                 (331, 'Игра в жизнь', '9789614491671', 18, 18, 6, 22),
                                                                                 (332, 'Я иду искать', '9789944319768', 8, 8, 3, 25),
                                                                                 (333, 'Глаз ужаса', '9781054907415', 17, 17, 2, 9),
                                                                                 (334, 'Бесконечный мир', '97888445403410', 17, 17, 9, 10),
                                                                                 (335, 'В поисках счастья', '9789335843735', 17, 17, 0, 5),
                                                                                 (336, 'Каменное сердце', '9784654997985', 17, 17, 5, 25),
                                                                                 (337, 'Ходячие кошмары', '9781616955472', 5, 5, 5, 15),
                                                                                 (338, 'Грязная вода', '9785013541368', 7, 7, 3, 25),
                                                                                 (339, 'Галактика иллюзий', '97830141145510', 16, 16, 7, 0),
                                                                                 (340, 'Путь к славе', '9780977104147', 8, 8, 3, 5),
                                                                                 (341, 'Потерянные души', '9786894167968', 18, 18, 6, 25),
                                                                                 (342, 'Сломанная стена', '9788414719688', 8, 8, 3, 5),
                                                                                 (343, 'Ледяной', '9788947285759', 3, 3, 1, 19),
                                                                                 (344, 'Хамелеон', '9784028532217', 3, 3, 9, 5),
                                                                                 (345, 'Цветочная дорога', '9781006458521', 2, 2, 2, 7),
                                                                                 (346, 'Страницы забытой любви', '9789616074049', 7, 7, 4, 24),
                                                                                 (347, 'Преодолевая километры', '97851354923410', 6, 6, 4, 12),
                                                                                 (348, 'Осколок памяти', '9784263255735', 3, 3, 1, 14),
                                                                                 (349, 'Ключ к бессмертию', '9786629755958', 9, 9, 2, 21),
                                                                                 (350, 'Одинокая душа забытого города', '9789388869539', 8, 8, 7, 18),
                                                                                 (351, 'Путь к звезде', '9782057356934', 1, 1, 1, 7),
                                                                                 (352, 'Копилка неудачника', '9789702559313', 5, 5, 7, 21),
                                                                                 (353, 'Лучший день', '9784602117595', 1, 1, 5, 1),
                                                                                 (354, 'Мир сновидений', '9788557916395', 15, 15, 7, 7),
                                                                                 (355, 'Я полюбил(а) тебя во сне', '9780817085674', 20, 20, 3, 24),
                                                                                 (356, 'Белый лев', '9787618222246', 1, 1, 6, 19),
                                                                                 (357, 'Клыкастые опасности северных областей', '9783288325546', 11, 11, 8, 17),
                                                                                 (358, 'Разбитые зеркала', '9784761888954', 16, 16, 6, 3),
                                                                                 (359, 'Думаю, ты прав', '9780332410609', 1, 1, 1, 7),
                                                                                 (360, 'Переломный момент', '9780445986497', 4, 4, 8, 14),
                                                                                 (361, 'Милое кладбище', '9781787988989', 13, 13, 6, 3),
                                                                                 (362, 'Улыбка будущего', '9786252462704', 7, 7, 6, 8),
                                                                                 (363, 'Потеряный во тьме', '9786091836513', 7, 7, 9, 0),
                                                                                 (364, 'Все наши беды', '9789099101218', 17, 17, 3, 11),
                                                                                 (365, 'Чайная церемония фей', '9784439390666', 13, 13, 0, 11),
                                                                                 (366, 'В сердце леса', '9781397183477', 2, 2, 0, 7),
                                                                                 (367, 'Любовь на расстоянии', '9788933244067', 9, 9, 0, 16),
                                                                                 (368, 'Величественные ритуалы', '9787342632502', 7, 7, 9, 12),
                                                                                 (369, 'Маски человека', '9788018212226', 19, 19, 6, 11),
                                                                                 (370, 'Пепел надежды', '9783767267732', 14, 14, 9, 25),
                                                                                 (371, 'Перекресток миров', '9789174989069', 14, 14, 4, 1),
                                                                                 (372, 'Тайный город', '97858439673910', 16, 16, 8, 2),
                                                                                 (373, 'Осколки любви', '9782705558802', 20, 20, 2, 17),
                                                                                 (374, 'Звучанье сердца', '9787241784104', 14, 14, 1, 17),
                                                                                 (375, 'Забытое имя', '9786982624816', 3, 3, 7, 21),
                                                                                 (376, 'Безмолвное небо', '9781220795396', 17, 17, 3, 23),
                                                                                 (377, 'Остаться до завтра', '9782930912523', 4, 4, 0, 18),
                                                                                 (378, 'По ту сторону реки', '9784255940465', 10, 10, 2, 6),
                                                                                 (379, 'Твоя правда', '97870690061510', 16, 16, 6, 20),
                                                                                 (380, 'Нарисованное небо', '9783512025945', 8, 8, 8, 15),
                                                                                 (381, 'Один шаг назад', '9788103057954', 19, 19, 9, 7),
                                                                                 (382, 'Северный танец', '9786876589412', 20, 20, 0, 8),
                                                                                 (383, 'По пути с Вечностью', '9785237385243', 10, 10, 1, 22),
                                                                                 (384, 'Там где я тебя нашёл', '9787200239621', 17, 17, 9, 2),
                                                                                 (385, 'Остров желаний', '9782833835288', 6, 6, 7, 22),
                                                                                 (386, 'Потерянная принцесса', '9787648964932', 13, 13, 3, 13),
                                                                                 (387, 'Игра без правил', '9786157322547', 5, 5, 5, 5),
                                                                                 (388, 'Волшебный мир твоих снов', '9783729082175', 10, 10, 7, 19),
                                                                                 (389, 'Жизнь леса', '9789047854777', 17, 17, 0, 13),
                                                                                 (390, 'Шёпот в темноте', '9784705730424', 15, 15, 9, 13),
                                                                                 (391, 'Милый дом и все кто в нём', '97826965781010', 16, 16, 8, 13),
                                                                                 (392, 'Мечтатель', '9784869808014', 10, 10, 7, 2),
                                                                                 (393, 'Розы и вино', '9788173257155', 9, 9, 8, 0),
                                                                                 (394, 'Игры судьбы', '9783412572563', 3, 3, 1, 21),
                                                                                 (395, 'Солнце которое не светит', '9784121785251', 12, 12, 1, 16),
                                                                                 (396, 'Начать всё заново', '97875489650610', 19, 19, 0, 14),
                                                                                 (397, 'Слепой мир', '9785405786179', 15, 15, 5, 22),
                                                                                 (398, 'Комната одиночества', '9780551918948', 2, 2, 5, 14),
                                                                                 (399, 'Самая длинная ночь', '9787837040027', 14, 14, 2, 0),
                                                                                 (400, 'Быть человеком', '9789053215197', 16, 16, 3, 23),
                                                                                 (401, 'Песнопения богов смерти', '9787821598664', 1, 1, 6, 15),
                                                                                 (402, 'Пряничный домик в Черном Городе', '9784576911588', 7, 7, 8, 7),
                                                                                 (403, 'Крик души', '9780232345995', 8, 8, 9, 2),
                                                                                 (404, 'Под фонарём твоего дома', '9781530966257', 3, 3, 1, 6),
                                                                                 (405, 'Пепел лжи', '9783176350582', 4, 4, 1, 7),
                                                                                 (406, 'Свет одинокого фонаря', '9789046823149', 19, 19, 8, 14),
                                                                                 (407, 'Осколки прошлого', '9785021277761', 5, 5, 4, 11),
                                                                                 (408, 'Улитка', '9783138140954', 9, 9, 0, 23),
                                                                                 (409, 'Шёпот цветов', '9789945840797', 7, 7, 8, 14),
                                                                                 (410, 'Лучи', '9789053806685', 17, 17, 6, 4),
                                                                                 (411, 'Солнечная девочка', '97808712265710', 8, 8, 4, 6),
                                                                                 (412, 'Ложные традиции верных слуг солнца', '9784614952528', 11, 11, 7, 22),
                                                                                 (413, 'Иллюзия счастья', '9787780280983', 1, 1, 0, 6),
                                                                                 (414, 'Осколки разбитого лета', '9781869241971', 20, 20, 3, 25),
                                                                                 (415, 'Запах леса и дождя', '9785801208473', 19, 19, 0, 25),
                                                                                 (416, 'То, что хочется вернуть больше всего', '9787082695164', 9, 9, 2, 17),
                                                                                 (417, 'Рожденные мечтать', '9787326634812', 5, 5, 7, 23),
                                                                                 (418, 'Шрам', '9780100186033', 13, 13, 9, 19),
                                                                                 (419, 'Контроль боли', '9780945103325', 3, 3, 7, 22),
                                                                                 (420, 'Глаза как твои', '9787045413538', 12, 12, 6, 8),
                                                                                 (421, 'Гнев туманности', '9785615534218', 3, 3, 9, 5),
                                                                                 (422, 'След в небе', '9787722112204', 18, 18, 1, 15),
                                                                                 (423, 'Прятки со смертью', '9780165356334', 6, 6, 2, 1),
                                                                                 (424, 'Эхо звёздного мира', '9787575845595', 18, 18, 3, 1),
                                                                                 (425, 'Откровения Нада', '9781489862877', 12, 12, 5, 23),
                                                                                 (426, 'Мир забытой искренности', '9784890598175', 2, 2, 7, 0),
                                                                                 (427, 'Кровожадная сталь', '97813409750510', 17, 17, 3, 5),
                                                                                 (428, 'Потерянное солнце', '9785753708151', 5, 5, 6, 21),
                                                                                 (429, 'История красных теней', '9785512236314', 17, 17, 0, 14),
                                                                                 (430, 'Причина осмелеть', '9788418309106', 5, 5, 6, 25),
                                                                                 (431, 'Могущественные силы полубогов', '9783662791059', 1, 1, 6, 22),
                                                                                 (432, 'Чёрный город', '9783506766014', 18, 18, 1, 23),
                                                                                 (433, 'История о форме огня', '9787267420239', 9, 9, 2, 16),
                                                                                 (434, 'Тайна луны', '9781387741632', 6, 6, 3, 9),
                                                                                 (435, 'Иллюзия свободы', '9780405373794', 12, 12, 4, 24),
                                                                                 (436, 'И снова темнота', '9789828343896', 1, 1, 0, 24),
                                                                                 (437, 'Небо в ладонях', '9782333693487', 18, 18, 5, 10),
                                                                                 (438, 'Защити меня', '9785753871398', 11, 11, 3, 20),
                                                                                 (439, 'Последний сон', '9789134143838', 2, 2, 9, 17),
                                                                                 (440, 'Горят мосты', '9786468262709', 17, 17, 4, 5),
                                                                                 (441, 'Утопающие в отражении', '9783995977526', 3, 3, 0, 24),
                                                                                 (442, 'Билет в один конец', '9787910987003', 17, 17, 2, 10),
                                                                                 (443, 'Поднимаясь выше облаков', '9782246849841', 20, 20, 9, 14);
